num,stock,big,profit,p,share
1101,台泥,-0.89,-0.0581 ,43,83.66
1102,亞泥,-0.53,-0.0116 ,38.3,86.82
1103,嘉泥,-0.34,-0.0453 ,13.7,82.2
1104,建台,-0.49,0.0019 ,26.85,81.91
1108,幸福,0.28,0.0244 ,10.5,80.56
1109,信大,0.62,0.0221 ,13.9,91.02
1110,東泥,0.06,0.0844 ,16.7,94.09
1201,味全,-1.15,0.0177 ,25.85,70.48
1203,味王,0.42,0.0444 ,23.5,80.57
1210,大成,-1.5,0.0091 ,27.6,56.17
1213,大飲,0.8,0.0905 ,21.7,72.9
1215,卜蜂,1.65,0.0990 ,27.75,64.66
1216,統一,0.6,0.0215 ,52.3,89
1217,愛之味,-1.12,-0.0075 ,7.98,42.53
1218,泰山,0.26,0.0388 ,12.05,56.83
1219,福壽,-0.13,-0.0261 ,14.9,88.01
1220,台榮,-0.02,0.0345 ,10.5,81.63
1225,福懋油,0.74,-0.0721 ,20.6,89.52
1227,佳格,-0.67,0.1152 ,76.5,82.59
1229,聯華,0.64,0.0689 ,20.95,76.13
1231,聯華食,-3.14,-0.0193 ,30.5,66.12
1232,大統益,-0.53,0.0278 ,74,78.34
1233,天仁,0.03,0.0086 ,47,69.57
1234,黑松,0.35,-0.0079 ,37.85,87.95
1235,興泰,-0.07,0.0191 ,23.95,70.19
1236,宏亞,0.28,0.0309 ,25,84
1301,台塑,0.57,0.0823 ,75,85.95
1303,南亞,0.15,0.0974 ,67.6,86.21
1304,台聚,2.36,0.1853 ,16.95,63.65
1305,華夏,10.01,0.4159 ,15.15,70.5
1307,三芳,0.49,0.3460 ,39.1,84.89
1308,亞聚,2.81,0.0481 ,21.8,57.62
1309,台達化,0.03,0.1000 ,9.24,58.58
1310,台苯,-0.99,0.1186 ,14.15,34.23
1312,國喬,3.29,0.2837 ,18.1,73.94
1313,聯成,-0.39,0.1311 ,11.65,71.05
1314,中石化,2.22,0.2634 ,11.75,33.91
1315,達新,0,-0.0459 ,28.05,86.17
1316,上曜,-0.69,0.0083 ,12.2,70.43
1319,東陽,0.41,0.1892 ,38.65,76.86
1321,大洋,0.63,-0.0570 ,34.75,72.15
1323,永裕,-0.09,0.1242 ,36.65,56.14
1324,地球,-0.01,0.0522 ,14.1,64.89
1325,恆大,1.6,-0.0263 ,20.35,73.83
1326,台化,0.06,0.0131 ,69.5,89.69
1333,恩得利,-2.67,0.2038 ,9.51,38.8
1336,台翰,-0.72,0.0409 ,14,55.83
1337,F再生,0.72,0.0556 ,38.95,64.82
1338,F廣華,-0.6,-0.0476 ,94.1,69.44
1402,遠東新,-0.07,0.0450 ,32.5,92.14
1409,新纖,-0.99,0.0138 ,11.05,69.59
1410,南染,-1.41,0.0020 ,25.55,70.62
1413,宏洲,1.14,0.8968 ,6.43,57.98
1416,廣豐,-1.45,0.0942 ,18,64.87
1417,嘉裕,0.78,0.0923 ,8.52,48.54
1418,東華,0.78,0.0044 ,6.92,63.86
1419,新紡,0.08,-0.0175 ,39.3,87.02
1434,福懋,0.27,0.0629 ,32.1,87.64
1435,中福,-0.3,0.0997 ,6.29,57.96
1436,福益,0.86,-0.0477 ,46.9,87.46
1437,勤益,-0.69,-0.1425 ,18.35,66.81
1440,南紡,-0.2,0.0057 ,17.5,80.7
1441,大東,1.18,0.0795 ,10.05,57.58
1442,名軒,0.71,0.0299 ,24.1,75.02
1443,立益,0.28,-0.0493 ,6.75,76.07
1444,力麗,0.54,0.0907 ,9.5,68.82
1445,大宇,-0.76,0.0123 ,9.06,70.68
1446,宏和,0.31,-0.0575 ,27.05,78.82
1447,力鵬,1.55,0.1190 ,11.75,72.6
1449,佳和,-0.27,1.8417 ,3.95,70.09
1451,年興,0.39,0.0486 ,25.9,74.1
1453,大將,-0.6,0.0361 ,8.9,81.38
1454,台富,-1.01,0.1443 ,8.88,76.54
1456,怡華,0.04,0.1143 ,7.8,89.97
1457,宜進,-0.63,0.0889 ,8.57,63.96
1459,聯發,-0.04,0.1719 ,11.25,82.31
1460,宏遠,0.57,0.2175 ,17.35,72.63
1463,強盛,-5.19,0.1443 ,17.05,59.77
1464,得力,-3.6,0.4159 ,16,75.19
1465,偉全,0.48,0.0980 ,16.8,64.96
1466,聚隆,1.04,0.0777 ,20.8,60.43
1467,南緯,0.56,-0.0308 ,12.6,66.47
1468,昶和,0,-0.0191 ,10.25,97.19
1469,理隆,0.07,0.0040 ,12.4,92.29
1471,首利,0.26,0.0600 ,8.65,42.56
1472,三洋纖,-0.32,-0.3997 ,20.65,69.98
1473,台南,0.69,0.0609 ,27,57.75
1474,弘裕,0.81,0.1057 ,9,64.64
1475,本盟,0.04,-0.2051 ,12.4,88.15
1476,儒鴻,-1.59,0.3382 ,368,76.41
1477,聚陽,3.39,0.2444 ,193.5,61.02
1503,士電,0.18,-0.0025 ,39.85,84.48
1504,東元,-0.28,-0.0473 ,31.2,80.46
1506,正道,-1.49,0.0745 ,23.8,45.81
1507,永大,1.57,0.0820 ,75.2,80.42
1512,瑞利,-1.37,0.0307 ,6.38,49.36
1513,中興電,-0.8,0.0594 ,20.5,53.58
1514,亞力,-1.03,0.0783 ,8.95,57.07
1515,力山,0.61,-0.0644 ,10.9,73.62
1517,利奇,0.62,0.1805 ,15.7,45.01
1519,華城,-0.52,0.0471 ,15.55,68.64
1521,大億,-0.31,0.0402 ,75,79.67
1522,堤維西,-1.24,0.3483 ,22.45,64.67
1524,耿鼎,-0.76,0.0571 ,7.4,55.84
1525,江申,1.16,0.0959 ,59.4,81.96
1526,日馳,2.37,0.1532 ,14.3,60.31
1527,鑽全,1.31,0.2103 ,45.75,44.91
1528,恩德,0.35,0.0135 ,11.25,53.65
1529,樂士,0.4,-0.0585 ,3.86,54.24
1530,亞崴,-0.58,0.1321 ,47.55,78.33
1531,高林股,1.05,0.1425 ,23.25,66.88
1532,勤美,1.76,0.3451 ,32.35,71.34
1533,車王電,1.59,0.0048 ,63,71.5
1535,中宇,-0.61,0.1160 ,68.3,77.15
1536,和大,4.75,0.0991 ,61,69.15
1537,廣隆,-5.1,-0.0474 ,100.5,60.47
1538,正峰新,0.4,0.5216 ,9.16,35.22
1539,巨庭,0.1,0.4677 ,22.75,72.18
1540,喬福,-1.45,0.0727 ,24.35,47.9
1541,錩泰,-0.01,0.1129 ,17.25,85.2
1558,伸興工業,-0.32,0.0852 ,165.5,42.43
1565,精華光學,1.26,0.0282 ,510,49.72
1566,毅金工業,1.15,0.3479 ,26.15,50.55
1569,濱川企業,-0.84,-0.0311 ,21.8,53.32
1570,力肯實業,0.41,0.0640 ,15.8,51.49
1580,新麥企業,2.35,-0.0372 ,181,67.54
1582,信錦,-1.25,0.1876 ,69,61.6
1583,程泰,-0.35,0.2843 ,90.8,90.48
1589,F永冠,0.46,0.2840 ,160.5,70.69
1590,AIRTAC,2.56,0.1351 ,252,86.69
1590,F亞德,2.56,0.1351 ,252,86.69
1603,華電,-0.11,-0.0042 ,11.95,80
1604,聲寶,-0.59,0.0744 ,13,59.11
1605,華新,-0.28,-0.0312 ,9.93,67.41
1608,華榮,0.43,-0.0149 ,9.95,69.51
1609,大亞,-0.76,0.0123 ,6.58,45.87
1611,中電,0.33,-0.0227 ,10.75,71.05
1612,宏泰,1.12,0.0350 ,10.35,59.55
1613,台一,-1.08,0.0508 ,5.38,52.28
1614,三洋電,-0.27,-0.0352 ,30.15,80.81
1615,大山,1.24,0.0360 ,11.5,81.1
1616,億泰,-0.47,0.2591 ,6.95,65.39
1617,榮星,-0.17,0.0452 ,8.1,83.13
1618,合機,-0.05,0.1160 ,9.04,63.32
1626,F艾美,-1.88,-0.1972 ,28.5,78.65
1701,中化,0.25,-0.0146 ,20.25,47.14
1702,南僑,3.36,0.2803 ,61.2,73.44
1704,榮化,-0.56,0.1100 ,16.15,68.64
1707,葡萄王,-0.29,0.0039 ,129,61.23
1708,東鹼,-2.55,0.1099 ,40.4,58.14
1709,和益,-0.18,0.0000 ,12.4,75.5
1710,東聯,2.31,0.2467 ,28.55,77.06
1711,永光,0.04,0.1104 ,27.65,55.8
1712,興農,-1.56,0.0212 ,16.85,39.11
1714,和桐,0.43,-0.0098 ,10.15,55.95
1715,亞化,-1.77,0.0899 ,18.8,69.6
1717,長興,0.26,0.1364 ,33.75,78.18
1718,中纖,1.03,0.2647 ,10.75,56.58
1720,生達,-2.2,0.0630 ,38.8,62.07
1721,三晃,-1.12,0.0755 ,11.4,45.59
1722,台肥,-0.35,-0.0147 ,53.7,67.46
1723,中碳,-2.42,-0.0656 ,149.5,58.88
1724,台硝,0.96,0.0691 ,16.25,73.74
1725,元禎,0.01,0.0614 ,14.7,96.23
1726,永記,0.38,0.0423 ,83.7,84.97
1727,中華化,1.67,0.0646 ,18.95,62.2
1729,必翔,2.36,-0.0017 ,57.9,81.29
1730,花仙子,0.39,0.0173 ,29.45,64.06
1731,美吾華,1.68,0.0857 ,15.2,50.47
1732,毛寶,-1.8,-0.1204 ,14.25,60.44
1733,五鼎,0.96,0.1438 ,53.3,40.28
1734,杏輝,0.47,-0.0380 ,40.5,33.33
1735,日勝化,0.12,0.0837 ,11.65,75.19
1736,喬山,2.44,0.1888 ,83.1,82.58
1737,臺鹽,-0.35,0.0708 ,25.7,52.27
1742,台蠟,0.6,0.1118 ,28.35,51.77
1762,中化生,-1.79,-0.0172 ,31.5,54.24
1773,勝一,-1.43,0.0170 ,44.85,74.81
1781,合世生醫,1.77,0.3812 ,30.8,31.73
1784,訊聯,-0.69,0.0256 ,40.1,24.24
1785,光洋科技,-0.6,0.1123 ,26.25,42.69
1786,科妍,-1.94,0.0649 ,90.3,57.98
1787,福盈科技,1.47,0.0231 ,28.8,58.11
1788,杏昌生技,-0.9,-0.0136 ,94.2,36.63
1789,神隆,-1.77,-0.2150 ,48.2,82.77
1795,美時化學,-3.71,0.1945 ,99.5,39.15
1799,紅電醫,-0.27,0.0453 ,36.9,55.57
1802,台玻,-0.08,-0.0338 ,22.85,89.95
1805,寶徠,0.02,-0.1897 ,9.4,70.31
1806,冠軍,0.03,-0.0146 ,9.48,65.06
1809,中釉,0.49,0.0725 ,14.8,59.77
1810,和成,-0.95,0.0049 ,10.35,66.06
1813,寶利徠,0.09,-0.0554 ,30.7,44.98
1815,富喬,-1.6,-0.0087 ,11.45,49.74
1902,台紙,-0.67,-0.0090 ,11.05,61.94
1903,士紙,0.15,-0.0273 ,37.45,83.95
1904,正隆,-0.28,-0.0597 ,12.6,68.38
1905,華紙,-0.47,0.0268 ,8.82,78.31
1906,寶隆,0.2,-0.1411 ,10.65,74.62
1907,永豐餘,-0.6,0.0000 ,12.7,80.39
1909,榮成,-1.91,-0.1821 ,12.35,75.53
2002,中鋼,1.17,0.0019 ,25.9,60.1
2006,東鋼,-0.3,-0.0146 ,23.55,69.96
2007,燁興,0.5,0.0301 ,5.82,49.15
2008,高興昌,0.41,0.0481 ,10.9,81.73
2010,春源,-0.14,0.0220 ,11.6,69.04
2012,春雨,1.7,0.1197 ,14.5,80.09
2013,中鋼構,-0.35,-0.0074 ,27,70.77
2014,中鴻,0.56,-0.0274 ,7.11,53.97
2015,豐興,-0.47,0.0330 ,39.1,83.84
2017,官田鋼,0.32,-0.0451 ,5.93,51.9
2020,美亞,0.1,-0.0604 ,14,73.55
2024,志聯,-0.47,0.0000 ,5.8,49.95
2025,千興,1.05,0.0454 ,9.22,33.62
2027,大成鋼,1.52,0.0275 ,8.97,66.47
2028,威致,-1.17,-0.0756 ,5.01,55.41
2029,盛餘,0.03,0.1602 ,21,75.18
2030,彰源,-0.07,-0.0546 ,3.98,58.1
2031,新光鋼,0.96,0.0202 ,20.2,40.81
2032,新鋼,-0.68,0.0738 ,13.1,55.1
2033,佳大,1.55,0.0234 ,17.5,65.7
2034,允強,-1.3,0.0708 ,24.2,53.18
2035,唐榮公司,0.37,-0.0331 ,43.85,96.47
2049,上銀,0.06,0.0821 ,250.5,65.78
2059,川湖,-0.07,0.3099 ,503,77.74
2061,風青,-3.04,-0.0737 ,17.6,49.37
2062,橋椿,1.64,0.2591 ,62.2,73.86
2063,世鎧精密,0.59,-0.0849 ,29.1,64.14
2101,南港,-0.49,-0.0415 ,32.3,63.47
2102,泰豐,-1.29,0.0168 ,18.2,50.24
2103,台橡,-2,-0.0663 ,33.8,67.9
2104,中橡,-0.73,-0.0016 ,31.8,65.52
2105,正新,1.23,0.0055 ,73.6,88.6
2106,建大,0.86,0.0127 ,63.8,86.11
2107,厚生,-0.08,-0.0415 ,32.3,58.6
2108,南帝,-0.13,0.0290 ,15.95,70.77
2109,華豐,0.57,-0.0668 ,20.95,77.29
2114,鑫永銓,-0.5,0.1171 ,124,63.44
2201,裕隆,-0.04,0.0103 ,44.05,80.77
2204,中華,-0.69,-0.0323 ,27,87.08
2206,三陽,-1.88,-0.0055 ,27.15,79.27
2207,和泰車,-0.18,0.0658 ,477.5,92.53
2208,台船,0.26,0.0405 ,16.7,59.36
2221,大甲,-1.05,0.0182 ,16.75,64.16
2227,裕日車,-0.9,0.0308 ,284.5,94.05
2228,劍麟,-0.84,0.0000 ,118,75.9
2231,為升,0.06,0.1410 ,348,66.76
2231,為升,0.06,0.1410 ,348,66.76
2301,光寶科,-1.97,-0.0119 ,41.5,81.97
2302,麗正,0.68,0.3068 ,8.05,66.46
2303,聯電,2.41,0.1811 ,15.65,72.68
2305,全友,-0.18,0.6753 ,9.75,58.87
2308,台達電,0.71,0.2029 ,207.5,90.57
2311,日月光,1.17,0.2207 ,43.7,90.62
2312,金寶,-2.46,0.1483 ,15.1,65.27
2313,華通,-0.88,0.0565 ,17.75,66.81
2314,台揚,-0.5,-0.0514 ,13.85,32.58
2316,楠梓電,0.56,0.0952 ,14.95,34.64
2317,鴻海,-2.55,-0.0810 ,88.5,75.95
2321,東訊,0.27,-0.0233 ,2.52,49.59
2323,中環,0.46,-0.0113 ,4.36,47.14
2324,仁寶,0.51,0.2714 ,26.7,78.77
2325,矽品,1.69,0.2992 ,55.8,90.88
2327,國巨,1.53,0.4396 ,65.5,87.68
2328,廣宇,-0.34,-0.0388 ,18.6,54.13
2329,華泰,2.12,0.2479 ,15.1,45.61
2330,台積電,0.1,0.1450 ,150,93.82
2331,精英,0.21,-0.1370 ,24.25,74.01
2332,友訊,-1.41,0.0260 ,17.75,44.19
2337,旺宏,-0.69,0.0059 ,6.81,30.09
2338,光罩,0.23,0.0749 ,10.05,43.62
2340,光磊,0.12,0.0683 ,13.3,34.62
2342,茂矽,-0.63,0.0485 ,6.7,23.35
2344,華邦電,1,0.2114 ,10.6,61.64
2345,智邦,-1.35,0.0455 ,16.1,47.51
2347,聯強,0.87,0.0437 ,45.4,85.15
2349,錸德,0,0.0979 ,3.7,29.59
2351,順德,-2.27,0.1472 ,45.6,74.72
2352,佳世達,-0.06,0.0216 ,14.2,50.04
2353,宏,2.56,0.0122 ,20.7,39.83
2354,鴻準,2.08,-0.0098 ,80.6,72.95
2355,敬鵬,2.03,0.1777 ,57,72.5
2356,英業達,-1.19,0.1157 ,24.1,80.52
2357,華碩,1.12,0.0621 ,325,75.59
2358,美格,0.47,-0.0722 ,12.2,38.3
2359,所羅門,-0.2,-0.0215 ,18.2,62.25
2360,致茂,0.05,-0.0556 ,79.8,86.47
2362,藍天,-1.2,-0.1017 ,48.6,78.76
2363,矽統,-0.3,0.0452 ,8.79,42.44
2364,倫飛,0.29,-0.2403 ,3.13,19.93
2365,昆盈,0.29,0.0616 ,11.2,46.68
2367,燿華,2.78,0.2033 ,14.8,53.75
2368,金像電,2.65,0.6154 ,21,66.74
2369,菱生,-2.72,0.0236 ,15.15,38.81
2371,大同,-1.29,0.0023 ,8.54,61.8
2373,震旦行,0.02,0.0700 ,53.5,87.55
2374,佳能,1.25,0.2328 ,18.8,44.01
2375,智寶,2.95,0.2436 ,14.55,38.3
2376,技嘉,1.62,0.1070 ,39.3,68.27
2377,微星,0.6,-0.0387 ,37.3,71.83
2379,瑞昱,-1.45,0.0439 ,99.8,69.72
2380,虹光,0.28,0.0980 ,9.19,58.61
2382,廣達,0.05,0.0385 ,78.2,93.85
2383,台光電,4.07,0.2782 ,46.4,65.03
2384,勝華,-1.18,-0.2112 ,1.83,27.67
2385,群光,0.46,0.0057 ,87.5,85.9
2387,精元,-5.04,0.2840 ,20.8,71.01
2388,威盛,1.13,-0.4061 ,10.75,70.19
2390,云辰,1.27,0.2582 ,36.3,62.05
2392,正崴,1.13,0.0774 ,55.7,53.3
2393,億光,6.8,0.3037 ,77.7,69.82
2395,研華,0.39,0.2835 ,253.5,88.42
2397,友通,-1.05,0.1183 ,38.75,65.75
2399,映泰,-0.05,0.0091 ,11.05,50.17
2401,凌陽,0.37,0.1631 ,13.55,46.51
2402,毅嘉,-6.65,0.0016 ,31.6,47.73
2404,漢唐,1.09,0.1568 ,33.2,47.15
2405,浩鑫,-0.06,0.0131 ,8.51,39.67
2406,國碩,-0.44,-0.0361 ,25.4,33.72
2408,南科,-0.02,0.2345 ,79.5,95.31
2409,友達,2.91,0.0369 ,15.45,75.29
2412,中華電,0.96,0.0629 ,98,80.72
2413,環科,-0.2,0.4306 ,15.45,54.63
2414,精技,1.82,0.1188 ,19.3,58.26
2415,錩新,0.39,0.2703 ,21.85,62.66
2417,圓剛,2.19,0.1765 ,13,34.43
2419,仲琦,-0.26,0.0158 ,16.1,30.73
2420,新巨,0.23,0.3750 ,47.3,63.69
2421,建準,0.19,0.0302 ,20.5,57.93
2423,固緯,-0.26,-0.0454 ,21.05,66.16
2424,隴華,0.77,0.0013 ,39.2,74.03
2425,承啟,-1.08,-0.0670 ,29.25,69.64
2426,鼎元,2.26,0.1770 ,13.3,28
2427,三商電,0.15,0.1261 ,8.93,61.97
2428,興勤,-0.17,0.1083 ,48.1,61.97
2430,燦坤,0.19,0.0207 ,32,68.92
2431,聯昌,2.52,0.2774 ,27.4,47.89
2433,互盛電,0.87,0.0586 ,45.15,81.02
2434,統懋,0.05,-0.0435 ,7.47,58.08
2436,偉詮電,-2.73,0.3058 ,34.8,38.19
2437,旺詮,0,0.0223 ,59.6,52.42
2438,英誌,-1.15,0.2556 ,11.3,66.66
2439,美律,-0.95,-0.0531 ,107,61.85
2440,太空梭,0.76,-0.0196 ,10,82.47
2442,新美齊,-0.38,0.0070 ,8.62,72.2
2443,新利虹,3.74,0.2381 ,13,48.84
2444,友旺,1.36,0.1558 ,18.55,39.78
2448,晶電,-2.67,0.0962 ,58.1,71.88
2449,京元電,0.37,0.2095 ,29.15,78.11
2450,神腦,-0.72,-0.0911 ,50.9,78.36
2451,創見,-0.57,0.0700 ,107,86.22
2453,凌群,-0.8,0.1103 ,15.6,60.32
2454,聯發科,1.23,0.1136 ,475.5,80.11
2456,奇力新,6.08,0.8881 ,50.6,70.61
2457,飛宏,0.05,0.0736 ,17.5,35.89
2458,義隆,1.65,0.1238 ,54,51.85
2459,敦吉,1.07,0.0855 ,42.55,54.65
2460,建通,0.13,0.0528 ,12.95,63.2
2461,光群雷,0.79,0.0487 ,16.15,45.22
2462,良得電,-1.62,0.0501 ,24.1,38.71
2464,盟立,0.07,0.1034 ,29.35,49.75
2465,麗臺,-0.31,-0.0480 ,11.9,32.07
2466,冠西電,0.79,0.0147 ,34.5,92.69
2467,志聖,-1.62,0.0185 ,22.05,42.27
2468,華經,-0.66,0.0000 ,12.9,69.25
2471,資通,-0.09,0.0761 ,15.55,17.27
2472,立隆電,-1.46,0.1578 ,42.55,73.72
2474,可成,1.83,0.0989 ,289,78.07
2475,華映,0.25,-0.0714 ,1.43,52.68
2476,鉅祥,0.27,0.0074 ,27.4,64.52
2477,美隆電,0.8,0.1036 ,13.85,75.07
2478,大毅,-0.82,0.1496 ,19.6,66.87
2480,敦陽科,0.98,0.0070 ,28.75,38.89
2481,強茂,0.36,0.2097 ,15,49.01
2482,連宇,4.42,-0.1880 ,19,55.67
2483,百容,1.97,0.4538 ,27.55,62.78
2484,希華,-1.69,0.1344 ,24.05,30.46
2485,兆赫,-0.01,0.1643 ,33.3,43.96
2486,一詮,-1.9,0.0829 ,18.95,39.41
2488,漢平,-0.58,0.1709 ,22.95,49.51
2489,瑞軒,-0.89,0.0086 ,17.65,34.92
2491,吉祥全,0.4,0.6448 ,15.05,60.96
2492,華新科,2.64,0.4225 ,15.15,60.52
2495,普安,0,0.0398 ,17,60.6
2497,怡利電,1.96,0.2533 ,75.2,73
2498,宏達電,4.87,0.0438 ,143,55.22
2499,東貝,3.46,0.2224 ,33.8,60.38
2501,國建,0.31,0.1115 ,17.95,83.73
2504,國產,0.41,-0.0094 ,10.5,68.63
2505,國揚,1.48,0.0606 ,14,66.97
2506,太設,1.07,0.1861 ,13.7,71
2509,全坤建,0.46,0.0599 ,23.9,71.53
2511,太子,-0.01,0.0588 ,12.6,77.67
2514,龍邦,0.57,0.1811 ,23.15,93.6
2515,中工,0.1,-0.0266 ,7.68,47.43
2516,新建,0.67,0.0739 ,8.72,58.98
2520,冠德,-0.71,0.1524 ,31,74.05
2527,宏璟,1.71,0.3353 ,22.3,87.58
2535,達欣工,-2.04,-0.0429 ,20.1,56
2538,基泰,0.44,0.1778 ,21.2,65.16
2542,興富發,1.77,0.2462 ,65.3,77.79
2543,皇昌,1.08,-0.0085 ,11.6,85.12
2545,皇翔,1.1,0.1248 ,45.05,81.96
2546,根基,0.18,0.1100 ,16.65,61.02
2547,日勝生,1.1,-0.1277 ,16.05,59.5
2548,華固,-0.29,0.1621 ,57.7,62.51
2596,綠意開發,0.49,0.0374 ,18.05,70.26
2597,潤弘,-0.06,0.0422 ,66.7,76.2
2601,益航,0.01,-0.1432 ,17.05,51.06
2603,長榮,1.31,0.1743 ,21.9,84.05
2605,新興,-0.38,-0.0290 ,25.15,58.6
2606,裕民,0.75,0.0011 ,46.6,68.57
2607,榮運,0.15,0.0056 ,18,72.59
2608,大榮,-0.34,0.0376 ,38.6,87.55
2609,陽明,2.84,0.1937 ,16.95,71.61
2610,華航,3.4,0.1784 ,14.2,79.67
2611,志信,-0.32,0.1944 ,10.75,76.48
2612,中航,-0.11,-0.0195 ,32.65,67.22
2613,中櫃,-0.21,0.0244 ,18.9,61.36
2614,東森,-0.27,-0.0048 ,10.45,49.6
2615,萬海,1.77,0.5578 ,35.05,92.58
2616,山隆,0.12,0.0383 ,24.4,68.41
2617,台航,-1.74,-0.0397 ,20.55,72.23
2618,長榮航,3.18,0.1467 ,21.1,83.17
2636,台驊國際,3.13,0.5183 ,41.45,60.64
2637,KY慧洋,-0.97,0.0700 ,37.45,76.23
2637,F慧洋,-0.97,0.0700 ,37.45,76.23
2702,華園,-0.24,0.0031 ,16.25,72.15
2704,國賓,1.05,0.0036 ,27.7,80.29
2705,六福,-0.64,0.0459 ,11.4,50.71
2707,晶華,-0.55,0.0478 ,328.5,77.95
2723,KY美食,-0.66,-0.0556 ,161.5,91.57
2723,F美食,-0.66,-0.0556 ,161.5,91.57
2727,王品,-0.91,-0.0819 ,274.5,58.17
2731,雄獅,-0.08,0.0000 ,94.5,74.4
2903,遠百,-0.51,-0.0219 ,26.8,77.19
2904,匯僑,0.29,0.0491 ,27.8,52.34
2905,三商行,0.26,0.2260 ,21.7,80.81
2906,高林,0.94,0.0580 ,14.6,66.85
2908,特力,0.46,0.0049 ,20.4,82.66
2910,統領,0.12,0.0354 ,36.6,98.1
2911,麗嬰房,-0.4,-0.0265 ,16.5,51.9
2912,統一超,-0.26,0.0973 ,248,91.2
2913,農林,-1.93,0.0642 ,17.4,50.93
2915,潤泰全,0.57,0.0490 ,66.4,83.12
2916,滿心企業,0.43,0.0141 ,18,70.98
2923,F鼎固,0.06,0.1037 ,26.6,99.47
3002,歐格,0.69,0.1269 ,15.1,67.69
3003,健和興,-1.18,0.1461 ,40,66.85
3004,豐達科,-2.56,-0.0756 ,50.1,65
3005,神基,4.82,0.2283 ,19.1,63.83
3006,晶豪科,-4.38,0.0971 ,50.3,40.86
3008,大立光,-0.75,0.2191 ,2615,58.91
3010,華立,-0.37,0.0380 ,54.7,65.46
3011,今皓,-0.27,0.1555 ,11,37.07
3013,晟銘電,-0.04,0.2023 ,26.45,67.94
3014,聯陽,-2.9,0.2636 ,40.75,34.46
3015,全漢,0.05,0.0627 ,27.1,61.53
3016,嘉晶,0.42,-0.0175 ,16.85,46.51
3017,奇鋐,-3.63,0.1845 ,24.4,52.54
3018,同開,0.52,-0.0172 ,20.05,47.43
3019,亞光,-0.93,0.1692 ,45.6,46.8
3021,衛展,-0.14,0.0806 ,13.4,69.97
3022,威達電,0.78,0.1253 ,53,55.18
3023,信邦,0.43,0.1731 ,48.45,44.75
3024,憶聲,-0.43,0.1317 ,6.36,48.56
3025,星通,0.98,0.1317 ,11.6,38.86
3026,禾伸堂,0.06,0.0962 ,45,53.82
3027,盛達,-2.03,-0.2138 ,17.1,48.63
3028,增你強,0.47,0.0471 ,17.8,37.75
3029,零壹,0.35,0.1507 ,16.8,43.57
3030,德律,0.27,0.1174 ,53.3,64.52
3031,佰鴻,0.88,0.1781 ,14.55,55.87
3032,偉訓,0.6,0.1020 ,24.3,60.81
3033,威健,-0.36,0.0386 ,24.2,41.81
3034,聯詠,-0.73,0.0517 ,173,79.22
3035,智原,8.34,0.3049 ,41.3,46.6
3036,文曄,1.01,0.0095 ,47.95,69.81
3037,欣興,-3.5,-0.0469 ,21.35,68.68
3038,全台,0.34,-0.0160 ,7.97,30.53
3040,遠見,-1.97,0.4634 ,45.95,65.82
3041,揚智,1.81,0.1288 ,28.05,33.12
3042,晶技,-2.65,0.0606 ,38.5,53.37
3043,科風,-1.12,-0.0909 ,4.6,23.15
3044,健鼎,0.84,0.1370 ,66.4,82.5
3045,台灣大,0.57,0.1163 ,108.5,94.58
3046,建,-3.45,0.7647 ,13.2,53.78
3047,訊舟,-1.15,0.0424 ,12.3,28.6
3048,益登,-0.65,-0.0331 ,27.75,49.67
3049,和鑫,0.19,0.2093 ,7.8,47.86
3050,鈺德,4.45,0.1475 ,7,54.73
3051,力特,0.19,1.6733 ,13.5,49.28
3052,夆典,0.29,0.0762 ,12,59.53
3054,萬國,3.43,0.4203 ,19.6,41.81
3055,蔚華科,0.13,-0.0391 ,20.9,50.47
3056,駿億,-0.01,0.0294 ,19.25,60.7
3057,喬鼎,-4.76,0.0059 ,33.95,44.06
3058,立德,0.82,0.0519 ,12.15,38.53
3059,華晶科,-0.99,0.0819 ,37,51.64
3060,銘異,2.14,0.1227 ,151,25
3061,璨圓,0.44,8.9670 ,151,57.6
3062,建漢,-0.02,-0.0166 ,23.65,47.25
3064,泰偉電子,-1.19,-0.0319 ,30.3,58.13
3066,李洲科技,-25.96,1.0023 ,8.57,74.04
3067,全域,0,0.2212 ,20.15,83.26
3068,美磊科技,1.52,0.1077 ,36,61.35
3071,協禧電機,-0.15,0.1886 ,8.76,67.34
3073,普格,-0.87,-0.1172 ,12.05,69.85
3078,僑威科技,2.57,0.2202 ,20.5,60.98
3083,中華網龍,-0.24,0.4313 ,59.9,58.62
3085,久大資訊,1.1,0.2786 ,9.04,44.49
3086,華義國際,1.63,0.4879 ,15.4,26.59
3088,艾訊,1.73,0.0466 ,74.1,62.68
3089,展成科技,0.57,-0.0200 ,39.3,23.59
3090,日電貿,0.54,0.1363 ,27.1,38.11
3092,鴻碩精密,0.7,0.5208 ,25.55,52.25
3093,台灣港建,-0.01,0.0263 ,39,72.62
3094,聯傑,-1.07,0.0929 ,35.3,16.63
3095,及成,4.83,2.1200 ,15.6,50.54
3114,好德科技,-2.87,0.0062 ,16.3,53.55
3115,寶島極光,-0.81,-0.0669 ,13.95,73.94
3126,信億科技,-0.11,0.0638 ,15,34.08
3128,昇銳電子,-0.71,0.1698 ,12.4,26.45
3130,一零四,1.23,0.3684 ,169,76.63
3131,弘塑科技,2.53,0.1439 ,151,39.78
3144,新揚科,-0.1,-0.0291 ,26.7,72.56
3149,正達,0.32,0.1104 ,27.15,53.31
3162,精確,-0.08,-0.0719 ,8,47.9
3164,景岳,-0.37,-0.1342 ,34.2,49.93
3167,大量科,-0.01,0.1059 ,38.65,55.23
3171,天馳科技,0.22,-0.0986 ,16.45,82.27
3188,安茂,0.39,-0.1223 ,12.2,54.04
3189,景碩,-4.2,-0.0455 ,105,79.15
3191,和進電子,3.46,0.4114 ,22.3,37.72
3202,樺晟電子,-1.56,0.1081 ,10.25,43.61
3205,佰研生化,3.31,0.0931 ,31.7,56.49
3206,志豐電子,-1.79,0.1900 ,27.25,49.18
3207,耀勝電子,0,0.0093 ,16.3,33.66
3209,全科,-2.56,0.1393 ,31.9,40.95
3211,順達科技,-3.01,0.0606 ,78.7,38.21
3217,優群科技,0.65,0.0759 ,17,54.36
3218,大學光學,-2.73,-0.0244 ,30,54.12
3219,倚強科技,0.85,0.4844 ,19,55.98
3221,台灣嘉碩,0.01,0.2488 ,25.1,44.9
3224,三顧,-3.76,0.0112 ,27.2,21.58
3226,至寶電腦,-0.04,0.0724 ,56.3,80.84
3227,原相科技,5.59,0.6055 ,105,40.16
3229,晟鈦,22.6,-0.0646 ,30.4,57.04
3230,錦明實業,-0.63,0.1071 ,8.79,66.34
3231,緯創,-2.78,0.0000 ,29,71.92
3232,昱捷,-1.7,-0.1308 ,57.8,54.52
3236,千如電機,-2.59,0.2939 ,19.15,32.05
3257,虹冠電,1.91,-0.0766 ,79.6,43.99
3259,鑫創科技,-2.01,0.0803 ,32.95,53.73
3260,威剛科技,-5.08,-0.0018 ,55.8,27.67
3264,欣銓科技,-1.93,0.1299 ,27.4,65.75
3268,海德威,0,0.2274 ,30.5,32.79
3284,太普高,0.99,0.0011 ,9.08,43.48
3287,廣寰科,0.78,0.1315 ,9.72,69.21
3288,點晶科技,-0.62,0.0780 ,11.75,49.54
3289,宜特科技,2.02,0.2455 ,83.2,36.07
3290,東浦,1.29,0.1879 ,20.55,35.54
3293,鈊象電子,-1.25,0.0512 ,133.5,44.4
3294,英濟,2.17,-0.0298 ,17.9,77.27
3296,勝德,-0.07,0.0230 ,22.2,71.12
3297,杭特電子,-1.34,0.0368 ,28.2,54.63
3299,帛漢,-3.87,0.1786 ,52.8,35.51
3303,岱稜,-0.8,0.0479 ,17.5,35.61
3305,昇貿,-0.09,0.0125 ,32.35,45.57
3306,鼎天國際,0.5,-0.0075 ,33.2,58.89
3308,聯德,0.21,0.2656 ,10.15,78.39
3310,佳穎精密,-0.51,0.2105 ,16.1,78.32
3311,閎暉,-2.52,0.1089 ,22.4,44.78
3312,弘憶股,0.01,0.1836 ,12.25,57.05
3312,弘毅,0.01,0.1836 ,12.25,57.05
3313,斐成企業,2.12,0.1986 ,10.2,39.39
3315,宣昶,-0.09,0.1404 ,19.5,47.01
3317,尼克森,0.48,0.1471 ,17.55,34.61
3322,建舜電子,0.64,0.0900 ,11.5,55.46
3323,加百裕,5.79,0.3169 ,25.35,30.52
3324,雙鴻科技,4,0.4025 ,22.3,36.01
3325,旭品,4.72,-0.0270 ,23.45,39.74
3332,幸康電子,0,0.0048 ,42.2,84.04
3354,律勝,0,0.0667 ,12,80.94
3356,奇偶,-2,0.0323 ,112,35.89
3360,尚立,-1.37,0.1449 ,24.5,45.92
3362,先進光,-0.94,-0.0311 ,26.45,64.32
3363,上詮,1.43,0.1629 ,33.55,58.57
3372,典範,1.5,-0.0186 ,9.48,54.54
3373,熱映光電,-1.22,-0.0231 ,23.25,54.16
3376,新日興,-1.39,0.1667 ,77.7,65.27
3380,明泰,-1.61,0.2649 ,19.1,67.53
3383,新世紀,-0.69,0.0230 ,15.6,63.92
3388,崇越電通,-0.42,0.0415 ,70.3,49.23
3390,旭軟電子,-3.56,0.0959 ,32,36.88
3402,漢科,0.46,0.1475 ,15.95,32.25
3406,玉晶光,-0.72,0.2704 ,109,52.37
3416,融程電,1.06,0.1905 ,62.5,47.65
3419,譁裕,-0.51,0.0913 ,13.15,45.39
3431,長天科技,-4.02,0.2686 ,15.35,10.95
3432,台端,-1.63,0.1306 ,25.1,64.2
3434,哲固資訊,0.56,0.0327 ,12.65,54.43
3441,聯一光學,2.17,0.0434 ,19.25,32.9
3443,創意,2.34,-0.0113 ,87.7,57.9
3444,利機企業,0.03,-0.0737 ,23.25,49.64
3450,聯鈞,-5.19,0.1674 ,113,36.4
3452,益通光能,-0.48,0.0458 ,16,67.89
3454,晶睿通訊,1.54,-0.0459 ,97.8,46.75
3455,由田新技,2.78,0.0630 ,28.7,33.63
3465,祥業科技,-0.01,-0.0991 ,4.82,56.47
3466,致振企業,2.05,0.1526 ,32.85,68.09
3479,安勤,-0.19,0.1389 ,49.6,54.04
3481,奇美電,3.11,0.0552 ,15.3,77.99
3483,力致科技,1.96,-0.0602 ,18.75,17.16
3484,崧騰,-0.1,0.4536 ,56.4,35.92
3489,筌寶,0.47,0.0086 ,17.55,78.92
3490,單井,-1.3,0.1725 ,149.5,47.64
3491,昇達科技,1.52,0.0148 ,68.7,34.78
3494,誠研,-0.83,0.0233 ,15.4,54.07
3498,陽程,-2.7,0.0940 ,64,41.33
3499,環天科技,-0.79,-0.0776 ,10.7,60.01
3501,維熹,-0.73,0.0695 ,48.45,56.4
3504,揚明光,1.65,0.2205 ,62,65.24
3508,位速,-0.03,-0.0900 ,26.3,51.76
3511,矽瑪科技,0.36,0.0612 ,19.95,54.31
3512,能緹,-0.23,-0.0309 ,34.5,70.48
3514,昱晶,-0.66,-0.0370 ,22.1,33.71
3515,華擎,-1.25,-0.0772 ,74.1,77.18
3516,亞帝歐,-0.22,0.0425 ,11.05,58.33
3518,柏騰,0.39,0.1258 ,50.1,55.39
3519,綠能,-0.2,-0.0180 ,19.05,42.4
3520,振維,-1.58,0.2566 ,142,64.01
3521,鴻翊,14.16,0.3033 ,15.9,70.8
3522,宏森,-0.26,0.0709 ,15.1,46.58
3523,迎輝科技,0.34,-0.1686 ,18.25,83.54
3526,凡甲科技,1.48,0.3453 ,37.4,27.41
3527,聚積,0,0.1367 ,69,15.04
3529,力旺電子,3.57,0.0176 ,318.5,54.29
3531,先益電子,-0.06,-0.0795 ,20.25,66.76
3533,嘉澤,-1.28,0.2058 ,146.5,59.92
3535,晶彩科,4.75,0.0688 ,14.75,41.64
3536,誠創,3.68,0.2953 ,6.58,64.79
3537,堡達,2.71,-0.0143 ,24.05,42.15
3540,曜越,1.36,0.0000 ,17.1,41.45
3546,宇峻奧汀,-0.24,0.0867 ,48.9,38.81
3548,兆利科技,1.81,-0.0081 ,36.9,44.5
3550,聯穎,0.01,0.0828 ,17,62.61
3551,世禾科技,-1.35,-0.0036 ,55.3,47.64
3552,同致電子,-1.98,0.2308 ,120,56.27
3553,力積電子,3.7,0.1674 ,27.2,24.03
3556,禾瑞亞,-0.5,0.1718 ,68.2,16.79
3557,嘉威,-1.43,0.2076 ,6.69,21.89
3561,昇陽科,0.86,0.0053 ,19,31.53
3562,頂晶科技,0,-0.3056 ,4.84,76.3
3563,牧德科技,0.07,0.1180 ,55.9,34.94
3570,大塚資訊,3.6,0.3011 ,105,66.04
3573,穎台,-2.69,0.0749 ,25.1,44.06
3576,新日光,1.29,-0.0616 ,26.65,49.57
3577,泓格科技,-0.23,0.1162 ,42.75,55.56
3579,尚志,0.15,0.0080 ,18.9,65.81
3580,友威科,-4.07,-0.3054 ,11.6,47.26
3582,凌耀,0,-0.9159 ,11.6,90.15
3583,辛耘,-0.13,-0.0115 ,60.3,67.64
3584,介面,0.92,0.0721 ,17.85,33.52
3587,閎康科技,0.07,0.0094 ,64.7,44.78
3588,通嘉,-1.92,0.0729 ,41.2,31.07
3591,艾笛森,3.02,0.2661 ,29.5,46.46
3593,力銘,2.91,0.4464 ,20.9,58.03
3596,智易,1.74,0.2054 ,44.9,54.29
3598,奕利,-1.44,-0.0072 ,69.3,35.94
3607,谷崧,-1.01,0.2408 ,67.5,52.98
3609,東林科技,-1.21,0.0303 ,17,56.55
3611,鼎翰科技,0.24,0.0875 ,248.5,61.92
3617,碩天,0.72,0.0632 ,63.9,69.62
3622,洋華,1.34,0.1221 ,21.6,40.39
3625,西勝,0.25,0.4474 ,13.2,49.82
3628,盈正,-1.35,0.1115 ,56.8,61.65
3630,新鉅科,2.52,0.0724 ,37.75,32.72
3631,晟楠,-1.03,0.3392 ,49.55,89.24
3632,研勤科技,2.34,0.2054 ,27,18.42
3638,IML,0,0.1221 ,21.6,93.54
3645,達邁,0.58,0.2836 ,52.5,68.11
3652,精聯電子,-0.01,0.0644 ,23.95,72.93
3653,健策,-0.25,0.0792 ,72.2,63.9
3664,KY安瑞,2.18,0.0913 ,28.7,70.44
3665,F貿聯,3.88,0.1121 ,119,47.93
3669,圓展,-0.11,0.0570 ,20.4,67.66
3673,TPK,1.73,0.2623 ,231,68.34
3679,新至陞,-0.01,0.0807 ,45.55,72.95
3682,亞太電,-0.53,-0.1667 ,15,69.39
3685,政翔,5.91,0.7547 ,27.9,61.92
3687,歐買尬,-1.48,0.2202 ,78.7,35.74
3691,碩禾,-0.62,-0.0744 ,485,65.07
3694,海華,0.66,0.0243 ,14.75,68.32
3698,隆達,5.59,0.1733 ,30.8,76.11
3701,大眾控,38.16,0.0135 ,9,95.12
3702,大聯大,2.29,0.1662 ,40.7,76.62
3705,永信,-0.13,-0.0055 ,54.2,72.42
4103,百略,0.54,0.2368 ,70.5,83.51
4104,佳醫,-1.18,-0.0078 ,50.7,42.16
4105,東洋藥品,3.27,0.1785 ,68,52.09
4106,雃博,-0.84,0.1682 ,55.9,53.58
4107,邦特生技,-0.62,0.0729 ,75.1,49.26
4108,懷特,0.89,-0.0314 ,33.9,29.63
4109,加捷,-1,0.1016 ,24.4,33.74
4111,濟生,-0.58,0.0064 ,31.5,27.64
4114,健喬信元,0.35,0.0821 ,42.2,42.47
4119,旭富,-1.18,0.1273 ,66.4,43.17
4120,友華生技,0.02,-0.0292 ,66.6,63.97
4121,優盛醫學,-0.76,0.0069 ,14.55,43.38
4123,晟德,-1.01,-0.0257 ,87.3,65.06
4126,太平洋醫,0.6,0.1225 ,72.4,55.09
4127,天良,0.16,0.0246 ,22.9,33.56
4128,中天生技,0.43,0.0229 ,26.85,42.93
4129,聯合骨科,-3.29,0.2503 ,53.2,36.57
4137,F麗豐,-0.85,-0.0096 ,154.5,82.26
4138,曜亞國際,0.37,0.1528 ,81.5,52.06
4141,F龍燈,1.45,-0.0095 ,52.1,78.85
4144,F康聯,0.04,0.0362 ,71.5,59.13
4164,承業醫,-0.37,0.0000 ,64.5,59.07
4205,恆義食品,-0.15,0.0026 ,38,71.58
4207,環泰企業,0.49,0.0000 ,12.45,64.92
4303,信立,2.33,0.0524 ,15.05,76.22
4304,勝昱科技,-4.16,0.2673 ,11.9,57.62
4306,炎洲,-0.85,-0.0561 ,15.15,51.85
4401,東隆興業,-0.65,0.2662 ,107.5,77.44
4414,如興,1.95,0.2118 ,17.45,48.23
4415,美嘉生電,73.31,0.0000 ,15,75.66
4417,金洲製網,13,0.5890 ,29,60.91
4426,利勤,-1.12,0.5595 ,57,78.1
4502,源恆工業,0.08,-0.0667 ,5.6,69.95
4506,崇友實業,0.09,0.0691 ,20.1,79.47
4510,高鋒工業,0.33,0.2274 ,21.05,46.74
4513,福裕事業,0.62,0.0245 ,10.45,51.29
4523,永彰機電,-1.28,0.0395 ,22.35,53.04
4526,東台,4.56,0.3461 ,35.2,61.37
4527,方土霖,0.3,0.0090 ,27.95,66.52
4528,江興鍛壓,1.35,0.5586 ,45.2,68.37
4530,宏易精密,0,0.1015 ,5.1,53.99
4532,瑞智,1.25,0.0357 ,31.9,76.84
4533,協易機械,-1.07,-0.0680 ,13.7,46.44
4534,慶騰精密,0.88,0.0814 ,15.95,51.38
4535,至興精機,-0.71,0.0521 ,47.45,81.61
4536,拓凱,1.46,0.0396 ,118,80.05
4609,唐鋒實業,-0.3,0.0599 ,11.5,76.29
4702,中美聯合,-0.01,0.0089 ,16.95,86.43
4703,金美克能,-5,-0.0612 ,61.4,43.5
4706,大恭化學,-0.09,0.0032 ,15.8,65.92
4707,磐亞,-1.02,0.1026 ,10.1,70.82
4711,永純,0,0.0324 ,14.35,64.28
4712,南璋,-4.68,-0.3514 ,12.55,45.91
4714,永捷,-2.74,-0.0586 ,11.25,36.02
4716,大立,0.35,0.0472 ,13.3,37.55
4720,德淵企業,-3.07,-0.0225 ,15.2,55.18
4721,美琪瑪,1.14,-0.1401 ,27,55.32
4722,國精化學,-1.46,0.1200 ,25.2,44.4
4722,國精,-1.46,0.1200 ,25.2,44.4
4729,熒茂光學,2.6,0.2754 ,22,57.99
4733,上緯,2.41,0.4959 ,182.5,62.24
4736,泰博,2.96,0.2647 ,118.5,61.73
4746,台耀,1.46,0.1661 ,68.1,53.11
4755,三福化工,-0.06,0.0365 ,27,79.31
4903,聯光通信,1.51,0.1863 ,12.1,50.51
4904,遠傳,0.68,0.1218 ,74.6,95.73
4905,台聯電訊,0.15,0.1735 ,37.2,65.57
4906,正文,0.65,0.0978 ,24.7,38.03
4907,春雨開發,1.39,-0.0336 ,14.4,91.1
4909,新復興,-1.52,0.0752 ,34.3,40.67
4915,致伸,1.42,0.1909 ,43.35,74.29
4916,事欣科,1.29,0.0033 ,30.1,52.83
4919,新唐,-0.36,0.1000 ,29.15,72.11
4930,燦星網,-0.75,0.6159 ,26.5,66.76
4934,太極,-0.96,0.0843 ,18,52.68
4935,F茂林,0.8,0.1315 ,46.9,74.07
4938,和碩,0.96,0.6150 ,88.5,88.3
4942,嘉彰,-0.22,0.0373 ,30.6,63.09
4952,凌通,0.65,0.1896 ,39.85,67.72
4956,光鋐,-0.71,0.1045 ,22.2,57.45
4958,F臻鼎,2.05,0.2515 ,103.5,89.12
4960,奇美材,-2.5,-0.0467 ,31.65,71.13
4977,F眾達,1.24,0.2282 ,80.2,60.35
4984,F科納,-0.02,0.3541 ,39.2,64.9
4999,鑫禾,-1.23,0.1043 ,61.4,59.65
5007,三星科技,0.08,0.0642 ,77.9,83.48
5009,榮剛材料,1.72,0.0481 ,21.8,46.89
5013,強新工業,1.51,0.0482 ,20.65,63.22
5014,建錩實業,0.6,-0.1328 ,10.45,49.53
5015,華祺工業,0.06,0.0358 ,23.15,52.83
5016,松和工業,0,0.0221 ,27.7,70.63
5102,富強輪胎,-4.19,0.0784 ,16.5,79.06
5202,力新國際,0.95,0.1181 ,21.3,52.68
5203,訊連,0.77,0.0272 ,90.6,55.3
5205,漢康科技,0,0.9259 ,26,42.98
5206,經緯科技,-0.35,-0.0152 ,13,81.2
5209,新鼎系統,-0.12,-0.0220 ,53.3,57.77
5210,寶碩,-1.87,0.0764 ,8.88,61.81
5211,蒙恬科技,-0.08,-0.0235 ,27,51.18
5212,凌網科技,0.54,0.1782 ,20.5,59.67
5213,亞昕,0.83,0.0641 ,18.25,82.77
5215,F科嘉,1.77,0.2282 ,47.9,67.9
5225,F東科,-1.01,0.3820 ,72,71.56
5234,達興,0.08,0.1241 ,44.4,66.55
5243,F乙盛,-1.34,0.0522 ,42.3,77.09
5264,F鎧勝,0.33,-0.0164 ,179.5,88.17
5269,祥碩,-1.26,0.2943 ,171.5,72.82
5280,F敦泰,0.81,-0.4641 ,90.3,37.68
5301,祥裕電子,0,-0.0566 ,60,0
5302,太欣半導,-0.59,0.1716 ,8.33,59.99
5304,鼎創達,0.1,0.5855 ,5.47,64.07
5305,敦南,-0.5,0.1735 ,23,65.72
5306,訊康科技,2.08,0.1938 ,154,66.77
5309,系統電子,2.33,0.0656 ,16.25,29.44
5310,天剛資訊,1.52,0.3057 ,34.6,69.75
5312,寶島科,0.04,-0.0585 ,80.4,69.29
5314,世紀民生,-2,0.1573 ,10.3,39.78
5315,光聯科技,-0.33,0.5063 ,9.58,29.19
5317,凱美電機,2.27,0.0693 ,12.35,63.67
5321,友銓電子,0,0.0317 ,19.5,80.59
5324,士林開發,0.64,0.0444 ,15.3,55.45
5326,漢磊科技,1.32,0.0444 ,15.3,35.87
5328,華容,0.11,0.1634 ,7.76,59.98
5340,建榮工業,-0.35,0.0570 ,5.19,65.61
5345,天揚,6.54,0.7194 ,11.95,46.42
5347,世界先進,0.49,0.2210 ,54.7,91.34
5348,系通科技,0.15,0.0603 ,10.55,62.87
5349,先豐通訊,1.68,0.3395 ,50.9,78.66
5351,鈺創科技,-0.19,0.2649 ,19.1,37.04
5353,台林通信,-0.78,0.0633 ,12.6,56.08
5355,佳總興業,1.44,0.0276 ,10.05,51.4
5356,協益電子,-1.81,0.1063 ,70.8,34.8
5371,中強光電,0.25,0.0865 ,49,68.45
5381,合正科技,0.22,0.0943 ,3.83,27.47
5383,金利,-0.84,-0.0407 ,11.8,48.86
5388,中磊,4.42,0.1002 ,72.5,61.07
5392,應華精密,-5.09,-0.1051 ,79.2,49.28
5398,力瑋實業,1.97,-0.0548 ,37.05,58.73
5403,中菲,1.7,0.0628 ,22.85,47.87
5410,國眾電腦,1.26,0.0081 ,12.45,34.05
5425,台半,2.83,0.2500 ,34.25,57.48
5426,振發實業,-1.86,0.0922 ,16,46.84
5432,達威光電,0.46,0.0325 ,15.9,75.98
5434,崇越,0.17,0.0993 ,60.9,40.75
5438,東友,-1.27,-0.0315 ,13.85,53.74
5439,高技企業,0.19,0.1214 ,23.55,43.33
5443,均豪精密,-1.02,-0.0731 ,12.05,33.54
5450,寶聯電腦,0.21,-0.0496 ,17.25,51.21
5452,佶優科技,0.09,-0.1107 ,11.65,59.61
5455,訊利電業,-13.84,2.7311 ,9.85,11.18
5457,宣德,2.42,0.2520 ,32.05,61.85
5460,同協電子,5.19,0.2286 ,19.35,35.53
5464,霖宏科技,0.58,0.1235 ,22.75,60.03
5465,富驊企業,0.52,0.7762 ,18.65,82.59
5466,泰林科技,7.45,0.2047 ,25.9,66.76
5468,凱鈺科技,6.18,0.0811 ,12,63.05
5469,瀚宇博,1.07,0.3886 ,15.9,63.39
5471,松翰,-2.43,0.1202 ,48.45,48.92
5475,德宏工業,-1.51,0.0081 ,7.45,41.24
5478,智冠,2.63,0.2101 ,95.6,60.27
5480,統盟電子,0.17,0.1290 ,17.5,60.72
5481,華韡電子,5.47,0.0134 ,18.85,71.8
5483,中美晶,-0.23,0.0644 ,50.4,53.62
5484,慧友,-2.25,-0.1144 ,9.52,51.74
5487,通泰,7.01,-0.0529 ,25.95,31.6
5488,松普科技,0.68,0.0824 ,7.09,50.86
5489,彩富電子,-2.49,0.0750 ,68.8,71.59
5490,同亨科技,1,0.2528 ,66.9,53.04
5491,連展科技,0.72,0.0699 ,12.25,35.72
5493,三聯科技,0.29,0.0678 ,29.15,41.11
5498,凱崴,0.37,0.5328 ,11.45,64.35
5505,和旺建設,1.94,0.5155 ,68.5,72.51
5506,長鴻營造,1.06,0.0080 ,7.58,66.82
5508,永信建設,-1.35,-0.0125 ,63.3,81.95
5511,德昌營造,0.62,0.0870 ,27.5,69.68
5512,力麒建設,-1.22,0.0591 ,13.45,59.83
5514,三豐建設,-0.72,0.1878 ,21.5,84.58
5515,建國,0.39,-0.0254 ,11.5,54.67
5516,雙喜,-0.54,0.1043 ,10.8,77.75
5519,隆大營建,-0.43,-0.0114 ,21.75,65.5
5520,力泰建設,0.84,-0.0072 ,27.6,85.17
5521,工信,1.25,0.0041 ,12.1,62.45
5521,工信,1.25,0.0041 ,12.1,62.45
5522,遠雄,0.77,0.1152 ,36.3,84.69
5523,宏都建設,0.55,-0.0119 ,16.6,69.36
5525,順天,0.48,0.0841 ,18.7,83.87
5531,鄉林,-0.29,-0.0217 ,18,84.64
5533,皇鼎,-0.63,-0.0024 ,20.6,79.26
5534,長虹,-1.14,0.0080 ,62.9,71.53
5536,聖暉,1.13,0.0256 ,80.2,31.43
5603,陸海交通,-1.31,-0.0458 ,21.9,65.22
5604,中連貨運,2.78,0.0377 ,38.5,67.48
5608,四維航,0.46,-0.0082 ,18.1,49.04
5609,中菲行,0.86,0.0130 ,23.3,52.85
5701,劍湖山,-0.46,0.0194 ,4.74,35.86
5703,亞都麗緻,-0.01,-0.0265 ,22,88.36
5706,鳳凰國際,-0.45,-0.0300 ,42,36.02
5706,鳳凰,-0.45,-0.0300 ,42,36.02
5871,F中租,-0.57,0.0335 ,77.1,82.57
5902,德記洋行,30.16,-0.0774 ,14.3,76.66
5903,全家,0.24,0.1417 ,205.5,94.03
5906,F台南,-0.57,-0.1111 ,6.08,76.4
5907,F大洋,-0.05,-0.1153 ,53.7,86.17
6101,弘捷,1.59,-0.1221 ,28.4,71.12
6103,合邦電子,0,0.9087 ,4.39,79.8
6104,創惟科技,2.8,0.1185 ,58.5,42.55
6105,瑞傳科技,3.07,0.2367 ,53.3,54.79
6107,華美電子,-0.94,0.0847 ,99.9,68.23
6108,競國,1.41,0.1494 ,22.7,43.2
6109,亞元科技,-1.73,0.0467 ,15.7,53.73
6111,大宇資訊,2.55,0.0444 ,75.3,80.19
6112,聚碩,-0.11,0.0432 ,36.25,31.74
6113,亞矽科技,-0.47,-0.2466 ,11.15,61.3
6115,鎰勝,-0.06,0.0965 ,44.9,67.57
6116,彩晶,-3.05,-0.0237 ,7.84,46.63
6117,迎廣,-1.01,0.0503 ,16.7,73.8
6118,建達國際,-0.19,0.0000 ,11.15,56.54
6120,輔祥,-1.85,0.4449 ,18.35,69.88
6121,新普科技,0.34,0.0487 ,161.5,69.51
6122,擎邦國際,0.26,14.5288 ,161.5,38.39
6123,上奇科技,-4.09,0.0052 ,29.2,48.29
6124,業強科技,-0.6,-0.1338 ,23.3,90.48
6125,廣運機械,-0.91,0.1062 ,15.1,42.36
6126,信音企業,0.02,0.1203 ,13.5,36.75
6127,九豪精密,-0.46,0.0597 ,14.2,42.14
6128,上福,0.22,0.0549 ,34.6,64.3
6129,普誠科技,-0.53,0.0526 ,12,32.63
6131,悠克,-0.37,0.6162 ,21.9,47.83
6133,金橋,-0.4,0.1834 ,11.1,74.5
6134,萬旭電業,0.82,0.1800 ,8.85,52.82
6135,佳營電子,-2.33,0.1971 ,20.35,58.86
6136,富爾特,-0.51,0.0769 ,26.6,33.53
6138,茂達電子,4.01,0.1989 ,33.75,33.75
6139,亞翔,-0.26,-0.0561 ,23.55,59
6140,訊達電腦,-0.93,0.0833 ,13,67.99
6141,柏承,0.46,0.1867 ,13.35,63.08
6142,友勁,0.27,0.0892 ,6.96,39.79
6143,振曜科技,0.06,0.2022 ,42.8,28.04
6144,得利影視,1.71,-0.0267 ,10.95,94.33
6145,勁永,0.74,0.0505 ,16.65,70.73
6146,耕興,-1.76,0.2249 ,177,65.2
6147,頎邦科技,1.66,0.0727 ,62,82.64
6148,驊宏資通,0.3,0.1227 ,9.15,50.99
6150,撼訊科技,0,0.0369 ,11.25,12.49
6151,晉倫科技,-1.05,0.1023 ,18.85,23.38
6152,百一,1.15,0.0757 ,13.5,42.71
6153,嘉聯益,-3.85,0.0906 ,36.1,52.2
6154,順發電腦,0.38,0.0096 ,21.1,61.2
6155,鈞寶,0.14,0.2557 ,24.8,72.09
6156,科橋電子,0.31,0.1245 ,14.45,79.2
6158,禾昌興業,0.59,0.0354 ,13.15,35.42
6160,欣技資訊,-0.51,0.1881 ,26.85,46.9
6163,華電聯網,-0.98,0.0392 ,15.9,20.92
6164,華興,-1.41,0.0264 ,15.55,34.09
6165,捷泰,4.91,0.1075 ,11.85,59.66
6166,凌華,3.01,0.1157 ,83.9,76.47
6167,久正光電,-0.28,0.1988 ,3.92,44.42
6168,宏齊,1.66,0.1254 ,19.75,53.3
6169,昱泉國際,0,0.0137 ,22.2,11.72
6170,統振,2.47,-0.0536 ,12.35,41.97
6172,互億,1.03,-0.0323 ,6.29,74.87
6173,信昌電陶,1.4,0.2028 ,13.05,54.28
6174,安眲鴔,-0.67,-0.0028 ,18.05,63.61
6175,立敦科技,2.86,0.1617 ,19.4,73.44
6176,瑞儀,-0.73,0.0000 ,105.5,73.21
6177,達麗建設,0.45,0.1896 ,42.35,79.4
6177,達麗,0.45,0.1896 ,42.35,79.4
6179,世仰科技,1.52,0.3298 ,37.3,54.84
6180,橘子,1.28,0.1898 ,35.1,59.67
6182,合晶科技,4.76,0.2311 ,15.45,31.2
6183,關貿網路,0.91,0.0590 ,27.8,74.34
6183,關貿,0.91,0.0590 ,27.8,74.34
6184,大豐電,-0.03,0.0433 ,51.8,69.97
6185,幃翔精密,1.89,0.3141 ,41,63.54
6187,萬潤,0.51,0.4873 ,52.5,55.65
6188,廣明光電,-1.16,0.0225 ,34.1,43.47
6189,豐藝,-0.01,0.0845 ,38.5,39.5
6190,萬泰科技,-0.65,0.0830 ,7.7,48.07
6191,精成科,-0.55,0.0819 ,10.7,64.67
6192,巨路,-1.63,-0.0732 ,62,61.8
6194,育富電子,-1.13,-0.0026 ,18.95,57.62
6196,帆宣,-0.48,0.2775 ,27.85,51.48
6197,佳必琪,3.63,0.4688 ,39.95,38.74
6201,亞弘電,0.06,0.1255 ,26.9,71.43
6202,盛群,-0.77,0.1006 ,59.1,65.26
6203,海韻電子,0.13,0.0031 ,47.95,71.05
6204,台灣艾華,1.09,0.0084 ,24,64
6205,詮欣,-0.75,0.1646 ,37.15,50.38
6206,飛捷,0.45,0.1300 ,126,57.14
6207,雷科,-5.78,0.1770 ,28.6,33.01
6208,日揚科技,1.07,0.0827 ,15.05,34.42
6209,今國光,0.32,0.2148 ,24.6,46.12
6211,福登,1.44,0.1441 ,19.05,83.41
6213,聯茂,-2.01,0.0295 ,24.4,60.44
6214,精誠,-0.66,-0.0089 ,55.4,63.94
6214,精誠,-0.66,-0.0089 ,55.4,63.94
6215,和椿,1.3,0.1371 ,24.05,51.92
6216,居易,0,0.0173 ,26.45,41.68
6217,中國探針,3.41,0.4670 ,48.85,57.38
6218,豪勉科技,-0.37,0.1200 ,22.4,52.53
6219,富旺,-2.55,0.0719 ,17.9,84.78
6220,岳豐科技,-0.02,0.1563 ,16.65,54.73
6221,晉泰科技,1.65,0.1516 ,23.55,48.94
6222,上揚科技,-0.17,0.3405 ,13.15,65.43
6224,聚鼎,0,0.0515 ,71.5,54.87
6225,天瀚,12.24,-0.0545 ,5.2,62.61
6226,光鼎,0.49,0.0414 ,9.56,46.75
6227,茂綸,-1.74,-0.1111 ,15.2,70.12
6228,全譜科技,4.39,0.7910 ,33.85,57.95
6229,研通科技,-0.72,0.0127 ,16,50.34
6230,超眾,1.41,0.1058 ,95.1,56.21
6231,系微,-1.32,-0.0793 ,48.15,35.33
6233,旺玖科技,0.73,0.2207 ,17.7,26.6
6234,高僑,1.53,0.0272 ,30.2,50.19
6235,華孚,0.1,0.3472 ,7.14,54.08
6236,凌越科技,-0.33,-0.2157 ,40,90.51
6237,驊訊電子,-0.13,-0.0358 ,20.2,44.11
6238,勝麗國際,18.92,0.6356 ,46.45,65.56
6239,力成,0.49,0.1122 ,54.5,71.25
6240,松崗,0,0.1863 ,55.4,96.82
6241,易通展,-1.21,-0.3703 ,21.6,70.62
6243,迅杰,-2.08,0.2112 ,24.95,18.99
6244,茂迪,1.96,0.1508 ,41.2,53.95
6245,立端科技,8.09,0.2105 ,45.15,57.75
6246,臺龍電子,0.27,0.0807 ,4.15,56.94
6247,淇譽電子,-0.1,0.4069 ,14.35,90.88
6248,沛波國際,2.65,2.4177 ,27,58.66
6250,宇加科技,0,1.2798 ,38.3,9.15
6251,定穎,-0.79,-0.0338 ,14.3,48.04
6257,矽格,-0.54,0.0852 ,31.2,54.15
6259,百徽,-19.14,0.0875 ,23,44.47
6261,久元電子,0.63,0.1175 ,67.5,43.49
6263,普萊德,-0.1,0.1229 ,45.7,46.04
6264,德士通,0.68,-0.0281 ,9.7,67.33
6265,方土昶,0.18,0.0790 ,9.42,53.99
6266,泰詠電子,-0.22,0.2197 ,13.6,46.64
6269,台郡,7.06,0.2603 ,79.9,48.15
6270,倍微科技,-1.45,0.1212 ,14.8,45.03
6271,同欣電,-6.42,-0.0873 ,115,69.11
6274,台燿科技,3.68,0.1657 ,29.2,64.91
6275,元山科技,-1.14,0.1238 ,17.7,43.28
6276,名鐘科技,30.81,0.1905 ,20,63.05
6277,宏正,-1.21,0.1984 ,87.6,62.5
6278,台表科,-0.6,-0.0713 ,40.4,61.15
6279,胡連精密,3.05,0.1453 ,134,59.02
6282,康舒,-1.19,0.0723 ,37.1,71.96
6283,淳安,-1.49,0.1552 ,6.4,44.97
6284,佳邦科技,-1.24,-0.0872 ,37.7,48.27
6285,啟,0.24,0.1409 ,73.7,70.49
6286,立錡,1.95,0.1745 ,175,64.03
6289,華上,0.61,-0.0404 ,1.9,40.28
6290,良維科技,3.62,0.2402 ,34.85,56.26
6291,沛亨半導,1.53,0.2194 ,4.39,39.78
6292,迅德興業,-0.86,0.1312 ,31.9,68.84
6294,智基科技,4.08,0.1331 ,36.6,50.66
6298,崴強科技,0.13,0.0738 ,19.65,54.2
6405,悅城科技,-0.53,0.0278 ,51.8,51.07
6412,群電,0.28,-0.0148 ,43.35,83
6504,南六,-0.06,0.1985 ,157,61.83
6505,台塑化,-0.26,-0.0190 ,67,97.1
6508,惠光化學,-0.52,0.0994 ,35.4,61.56
6509,聚和國際,-0.17,-0.0170 ,20.2,41.28
6603,富強鑫,0.19,0.0894 ,13.4,53
6605,帝寶,-0.2,0.1086 ,122.5,79.06
6609,瀧澤科技,-3.52,0.1623 ,49.05,59.13
6702,復興航,-1.19,0.0088 ,11.4,80.9
6803,崑鼎投控,-0.54,0.0182 ,167.5,76.05
8011,台通,5.86,-0.0465 ,41,47.38
8016,矽創,6.45,0.6432 ,116.5,64.29
8021,尖點,-7.51,-0.0169 ,29,49.49
8024,佑華微電,-2.02,0.1039 ,15.4,42.4
8032,光菱電子,0.22,-0.0211 ,32.5,83.99
8033,雷虎,-1.24,-0.0373 ,11.6,39.71
8034,榮群電訊,2.13,0.0993 ,8.08,37.35
8039,台虹,-2.06,0.0938 ,47.8,45.11
8040,九暘,-0.43,0.4278 ,13.25,26.32
8042,金山電子,-1.38,0.0650 ,52.4,61.13
8043,蜜望實,0.2,-0.0054 ,18.55,58.76
8044,網路家庭,-2.77,0.2938 ,398.5,65.98
8046,南電,-1.21,0.0980 ,44.8,83.15
8047,星雲電腦,-1.25,0.1463 ,14.1,74.05
8048,德勝科技,0.41,0.0395 ,30.25,62.52
8049,晶采光電,0.71,0.1120 ,8.34,33.26
8050,廣積,0.01,0.0753 ,57.1,23.24
8053,巨擘科技,0.25,0.2315 ,2.66,82.71
8054,安國國際,-0.92,0.0854 ,27.95,31.76
8059,凱碩,-1.01,0.2746 ,18.1,47.59
8064,東捷科技,0.3,-0.0124 ,19.95,43.56
8067,志旭國際,1.07,0.0752 ,7.15,75.77
8068,全達國際,0,0.9201 ,14.9,65.83
8069,元太科技,-1.96,-0.1104 ,13.7,52.13
8070,長華,0.85,0.3295 ,81.1,61.98
8071,豐聲科技,0.59,-0.1807 ,19.95,67.73
8072,陞泰,-0.66,-0.0629 ,49.95,62.47
8074,鉅橡,0.86,-0.0391 ,27,37.91
8076,伍豐科技,0.66,-0.0231 ,105.5,42
8081,致新,-1.03,0.1163 ,90.2,50.78
8084,巨虹電子,-0.94,0.0620 ,25.7,62.44
8085,福華電子,2.69,0.4501 ,10.6,60.93
8091,翔名科技,0.36,0.2690 ,62.5,36.93
8092,建暐精密,0.51,-0.0722 ,13.5,47.44
8093,保銳科技,0.19,0.0015 ,6.9,63.12
8096,擎亞國際,-1.2,0.8632 ,21.8,34.87
8097,鴻松精密,-3,-0.3141 ,13.65,58
8099,大世科,-1.11,0.1100 ,22.2,60.96
8101,華冠,-3.79,-0.0806 ,12.55,62.51
8103,瀚荃,-0.44,0.0647 ,54.3,39.12
8105,凌巨,1.23,0.1127 ,11.85,67.27
8107,大億科技,0.06,-0.0135 ,21.9,58.71
8109,博大科技,1.01,0.1554 ,69.9,54.47
8110,華東,0.29,-0.0550 ,13.75,70.7
8111,立砦q子,6.16,0.3712 ,7.13,30.63
8112,至上,-0.54,0.0659 ,17.8,28.45
8114,振樺電,0.38,0.1100 ,166.5,61.4
8121,越峰電子,-0.6,0.1197 ,33.2,63.66
8163,達方,-0.9,0.1385 ,18.5,46.56
8182,加高電子,3.6,0.2375 ,18.5,66.08
8183,台灣精星,0.88,-0.0138 ,9.28,64.63
8201,無敵,-0.64,0.0690 ,12.4,63.88
8210,勤誠興業,-0.52,0.1201 ,54.1,67.35
8210,勤誠,-0.52,0.1201 ,54.1,67.35
8213,志超,2.89,0.2444 ,56,61.43
8215,明基材,0.14,-0.0219 ,31.3,60.09
8234,新漢,-0.04,0.0319 ,51.8,61.15
8240,華宏新技,0.13,0.0445 ,32.85,56.83
8249,菱光,-0.02,0.0788 ,26,37.59
8255,朋程,-1.16,0.1091 ,122,49.73
8261,富鼎,1.43,0.1415 ,24.2,60.35
8266,中日新,1.16,0.1819 ,45.15,92.08
8271,宇瞻,6.82,0.0833 ,33.15,40.94
8277,商丞科技,0.14,-0.0209 ,14.05,45.09
8287,英格爾,-0.9,0.2513 ,23.9,38.28
8289,泰藝電子,-1.22,0.0973 ,14.1,53.46
8299,群聯電子,2.32,0.2302 ,256.5,64.52
8349,友信,0.37,0.1129 ,101.5,79.49
8354,冠郝企業,-3.25,-0.0059 ,16.8,49.57
8358,金居,0.47,-0.0441 ,9.75,75.1
8374,羅昇,0,-0.0401 ,20.35,53.06
8383,千附實業,0.66,0.2157 ,37.2,52.14
8390,金益鼎,0.29,0.0299 ,17.25,50.88
8401,白紗科技,-1.2,-0.0674 ,15.9,51.71
8404,F百合,-0.98,0.3207 ,24.3,82.25
8411,F福貞,-0.43,0.1813 ,41.7,77.36
8422,可寧衛,-2.27,0.1808 ,160,67.55
8427,F基勝,-0.06,0.0812 ,50.6,91.51
8429,F金麗,0.32,0.1652 ,76.9,72.25
8905,裕國,-7.04,-0.0069 ,21.7,78.71
8906,花王企業,0.06,0.0011 ,9.51,84.95
8913,華夏資融,-0.59,-0.0248 ,17.7,73.62
8916,光隆,1.17,0.0369 ,40.7,64.7
8917,欣泰,-0.02,0.0120 ,50.6,76.52
8923,時報出版,0.04,0.0178 ,17.2,82.63
8924,大田精密,-0.59,0.0029 ,17.05,45.4
8925,偉盟工業,-2.69,0.3099 ,9.68,53.64
8926,台汽電,-0.01,0.0809 ,26.05,68.95
8927,北基加油,-0.52,-0.1078 ,12,64.67
8928,鉅明,-1.03,0.0913 ,38.85,49.39
8929,富堡工業,0,-0.0051 ,29.35,47.48
8930,青鋼金屬,2.29,0.0566 ,14,68.54
8931,大園汽電,0.37,0.1096 ,23.8,82.31
8932,宏大,0.57,0.0383 ,10.85,64.45
8933,愛地雅,-0.94,0.1314 ,15.5,32.18
8934,馭鳳,2.61,-0.3158 ,39,84.18
8935,邦泰,0.66,-0.0871 ,7.55,37.98
8936,國統國際,-1.72,0.2018 ,54.2,56.17
8937,合騏,-0.12,-0.0595 ,11.85,44.2
8938,明安國際,0.67,0.1651 ,24.35,52.61
8940,新天地,1.15,0.0432 ,19.3,63.71
8941,關中,0,-0.2849 ,61.5,71.15
8942,森鉅科技,2.8,0.2997 ,98,67.68
8996,高力,-0.86,-0.0188 ,57.3,50.56
9802,F鈺齊,-1.94,0.3518 ,61.1,77.13
9902,台火,0.6,0.1070 ,16.55,45.94
9904,寶成,1.19,0.3647 ,45.65,88.27
9905,大華,0.14,0.1446 ,32.05,83.81
9906,興達,2.39,0.2320 ,40.1,81.33
9907,統一實,1.26,0.3804 ,23.95,81.69
9908,大台北,0.03,0.0108 ,23.4,83.39
9910,豐泰,-0.4,0.6951 ,139,90.69
9911,櫻花,1.38,0.0261 ,21.65,63.92
9912,偉聯,0.66,0.0870 ,12.5,41.36
9914,美利達,-0.25,0.2300 ,262,78.56
9917,中保,-0.17,0.0410 ,83.7,85.88
9918,欣天然,-0.2,0.0261 ,33.4,84.6
9919,康那香,0.02,-0.0143 ,13.8,60.15
9921,巨大,-0.61,0.2337 ,303.5,86.09
9924,福興,3.36,0.3722 ,39.45,76.72
9925,新保,-0.11,0.0475 ,39.7,74.68
9926,新海,0.07,0.0012 ,42.05,85.59
9927,泰銘,0.45,0.1114 ,37.9,61.08
9928,中視,0.4,-0.2067 ,11.9,81.32
9929,秋雨,0.74,-0.0761 ,8.5,75.88
9930,中聯資,0.13,0.0593 ,71.5,80.44
9931,欣高,0.05,-0.0680 ,37,78.6
9933,中鼎,0.33,0.0000 ,50.2,85.99
9934,成霖,-0.32,0.0909 ,16.2,67.44
9935,慶豐富,3.12,0.0405 ,9.24,52.28
9938,百和,0.92,0.5934 ,67.4,74.84
9939,宏全,0.42,0.2309 ,58.9,44.71
9940,信義,-0.13,-0.0485 ,34.35,78.54
9941,裕融,-0.28,0.0054 ,74.1,77.16
9942,茂順,-0.1,-0.0188 ,104.5,68.48
9943,好樂迪,-1.2,0.1342 ,40.15,80.36
9944,新麗,-0.79,-0.1829 ,36.85,79.61
9945,潤泰新,-1.19,0.0500 ,46.2,77.07
9946,金革科技,0.11,0.0355 ,20.4,76.88
9946,三發,0.11,0.0355 ,20.4,76.88
9949,琉園,-2.1,-0.0029 ,17.3,60.14
9950,萬國通路,-6.78,0.1077 ,25.2,75.55
9951,皇田工業,0.43,0.1452 ,112,67.23
9955,佳龍,0.06,0.0674 ,18.2,59.68
9958,世紀鋼,0.66,-0.0099 ,10,64.43
9960,邁達康,15.07,0.8544 ,24.2,68.7
9962,有益鋼鐵,-0.94,-0.0250 ,11.7,54.54
,,,,,
,,,,,
,,,,,
,
,
,
,
,
,
,
,
,
,
,
,
,
,
,
,
,
,
,
,
,
,
,
,
,
,
,
,
,
,
,
,
,
,
,
,
,
,
,
,
,
,
,
,
,
,
,
,
,
,
,
,
,
,
,
,
,
,
,
,
,
,
,
,
